# IARU HQ stanice — key(zkratka),label,volačky(;)
# Seznam ročníku 2026 (425 DX News, ARRL). Uprav/nahraď dle aktuálního seznamu HQ stanic.
# Officials AC/R1/R2/R3 mají jako 'volačky' konkrétní operátory.
AARA,,ZA1A
AARC,,P40HQ
AC,,LA2RR;SM6EAN;VE6SH;W5ZN
AFVL,,HB0HQ
ARA,,7X2HQ
ARABH,,E7HQ
ARAI,,TU2CI
ARAT,,3V8CB
ARI,,II0HQ;II2HQ;II4HQ;II6HQ;II9HQ
ARM,,ER7HQ;XX9A
ARRAM,,5C8A
ARRL,,W1AW/4
ARRSM,,T70HQ
ARSI,,AT1HQ
ARSK,,5Z4RS
ARUKR,,EX9HQ
BARC,,V31HQ
BARS,,A25HQ
BDARA,,V84SB
BFRA,,LZ0HQ
BFRR,,EW5HQ
BVIRL,,VP2V
CARS,,C4HQ;ZF1A
CRAC,,B1HQ;B4HQ;B5HQ;B7HQ
CRAG,,TG0AA
CRAS,,HU0YS;YS0YS
CTARL,,BV0HQ
DARC,,DA0HQ
DARCI,,J73Z
EARS,,ET3AA
EDR,,OZ1HQ
ERASD,,SU1SK
ERAU,,ES9A
FARA,,3D2HQ
FMRE,,4A0HQ
FRA,,OY1CT
FRC,,T40HQ
FRR,,YR0HQ
FRRA,,EK0HQ
FRS,,4K7Z
GRC,,HC2GRC
HARTS,,VR2HK
HRS,,9A0HQ
IARC,,4X4ARC
IARU,,NU1AW/0
IRA,,TF3HQ
IRTS,,EI0HQ
JARL,,8N1HQ;8N6HQ
KARL,,HL0HQ
KARS,,9K9HQ
KFRR,,UN1HQ
LABRE,,PX2HQ
LCRA,,HK3LR
LPRA,,HP0HQ
LRAA,,EL2BEN
LRAL,,YL4HQ
LREM,,C91HQ
LRMD,,LY0HQ
MARL,,9H1MRL
MARP,,4O1HQ
MARS,,VP2M
MARTS,,9M2A
MRASZ,,HG0HQ
MRSF,,JU1HQ
NARG,,4L0HQ
NARL,,V55HQ
NRRL,,LN2HQ
NZART,,ZL6HQ
ORARI,,7A1HQ
OV,,OE0HQ
PARA,,DX0HQ
PZK,,SN0HQ
QARS,,A71HQ
R1,,DJ3HW;F4GKR;HB9JOE;IV3KKW;PB2T;Z32TO
R2,,9Y4T;LU1BCE;PT2ADM;VE3YV;W6ROD;XE1KK;YS1MS
R3,,9M2IR;HS1FVL;JA1CJP;JH1NBN;VJ3O;YD1PRY;ZL2TLL
RAAG,,SX0HQ
RAC,,VE5RAC
RAST,,E2HQ
RCA,,LT4RCA
RCCH,,CB1HQ;XR3HQ
RCCR,,TI0HQ
RCD,,HI0RCD
RCH,,4V0HQ;HQ2W
RCP,,OA4O;ZP5AA
RCU,,CX1AA
RCV,,YV5AJ
REF,,TM0HQ
REP,,CS5HQ
RL,,LX8HQ
ROARS,,A47RS
RSB,,VP9HQ
RSGB,,GR2HQ
RSM,,Z30HQ
SARA,,OM3HQ;S77SARA
SARL,,ZS9HQ
SARS,,HZ0HQ
SARTS,,9V9HQ
SARU,,ST0HQ
SHRAK,,Z60HQ
SRAL,,OH2HQ
SRR,,R4HQ;R9HQ
SRS,,YT0HQ
SSA,,SK9HQ
SVGRS,,J87HQ
TRAC,,TC3HQ
TTARS,,9Y4HQ
UARL,,EM5HQ
UBA,,OP0HQ
URA,,C37HQ
URE,,EF4HQ
USKA,,HB9HQ
VARC,,XV4Y
VERON,,PA6HQ
VRONA,,PJ2HQ
WIA,,VK3WIA
ZRS,,S50HQ
